{
	"credit": "Made with Blockbench",
	"texture_size": [30, 16],
	"textures": {
		"0": "item/moon_cake",
		"particle": "item/moon_cake"
	},
	"elements": [
		{
			"name": "cube_1",
			"from": [4, 0, 4],
			"to": [12, 5, 12],
			"faces": {
				"north": {"uv": [6.4, 0, 7.46667, 10], "texture": "#0"},
				"east": {"uv": [6.4, 0, 7.46667, 10], "texture": "#0"},
				"south": {"uv": [6.4, 0, 7.46667, 10], "texture": "#0"},
				"west": {"uv": [6.4, 0, 7.46667, 10], "texture": "#0"},
				"up": {"uv": [7.46667, 0, 16, 16], "texture": "#0"},
				"down": {"uv": [7.46667, 0, 16, 16], "texture": "#0"}
			}
		},
		{
			"name": "cube_1",
			"from": [5, 0, 3],
			"to": [11, 5, 4],
			"faces": {
				"north": {"uv": [0, 0, 6.4, 10], "texture": "#0"},
				"east": {"uv": [5.33333, 0, 6.4, 10], "texture": "#0"},
				"south": {"uv": [0, 0, 6.4, 10], "texture": "#0"},
				"west": {"uv": [1.06667, 0, 0, 10], "texture": "#0"},
				"up": {"uv": [6.4, 2, 0, 0], "texture": "#0"},
				"down": {"uv": [0, 8, 6.4, 10], "texture": "#0"}
			}
		},
		{
			"name": "cube_2",
			"from": [12, 0, 5],
			"to": [13, 5, 11],
			"faces": {
				"north": {"uv": [1.06667, 0, 0, 10], "texture": "#0"},
				"east": {"uv": [0, 0, 6.4, 10], "texture": "#0"},
				"south": {"uv": [5.33333, 0, 6.4, 10], "texture": "#0"},
				"west": {"uv": [0, 0, 6.4, 10], "texture": "#0"},
				"up": {"uv": [6.4, 2, 0, 0], "rotation": 90, "texture": "#0"},
				"down": {"uv": [0, 8, 6.4, 10], "rotation": 270, "texture": "#0"}
			}
		},
		{
			"name": "cube_3",
			"from": [5, 0, 12],
			"to": [11, 5, 13],
			"faces": {
				"north": {"uv": [0, 0, 6.4, 10], "texture": "#0"},
				"east": {"uv": [1.06667, 0, 0, 10], "texture": "#0"},
				"south": {"uv": [0, 0, 6.4, 10], "texture": "#0"},
				"west": {"uv": [5.33333, 0, 6.4, 10], "texture": "#0"},
				"up": {"uv": [6.4, 2, 0, 0], "rotation": 180, "texture": "#0"},
				"down": {"uv": [0, 8, 6.4, 10], "rotation": 180, "texture": "#0"}
			}
		},
		{
			"name": "cube_4",
			"from": [3, 0, 5],
			"to": [4, 5, 11],
			"faces": {
				"north": {"uv": [1.06667, 0, 0, 10], "texture": "#0"},
				"east": {"uv": [0, 0, 6.4, 10], "texture": "#0"},
				"south": {"uv": [5.33333, 0, 6.4, 10], "texture": "#0"},
				"west": {"uv": [0, 0, 6.4, 10], "texture": "#0"},
				"up": {"uv": [6.4, 2, 0, 0], "rotation": 90, "texture": "#0"},
				"down": {"uv": [0, 8, 6.4, 10], "rotation": 270, "texture": "#0"}
			}
		}
	],
	"display": {
		"thirdperson_righthand": {
			"rotation": [90, 0, 0],
			"translation": [0, 2, 2],
			"scale": [0.55, 0.55, 0.55]
		},
		"thirdperson_lefthand": {
			"rotation": [90, 0, 0],
			"translation": [0, 2, 2],
			"scale": [0.55, 0.55, 0.55]
		},
		"firstperson_righthand": {
			"rotation": [0, -90, 0],
			"translation": [1.13, 3.2, 1.13],
			"scale": [0.68, 0.68, 0.68]
		},
		"firstperson_lefthand": {
			"rotation": [0, -90, 0],
			"translation": [1.13, 3.2, 1.13],
			"scale": [0.68, 0.68, 0.68]
		},
		"ground": {
			"translation": [0, 2, 0],
			"scale": [0.5, 0.5, 0.5]
		},
		"gui": {
			"rotation": [30, 225, 0],
			"translation": [0, 4.25, 0]
		},
		"head": {
			"translation": [0, 14, 0]
		},
		"fixed": {
			"rotation": [-90, 0, 0],
			"translation": [0, 0, -7.5]
		}
	},
	"groups": [
		{
			"name": "group_1",
			"origin": [8, 8, 8],
			"color": 0,
			"children": [0]
		},
		{
			"name": "group_2",
			"origin": [8, 8, 8],
			"color": 0,
			"children": [1, 2, 3, 4]
		}
	]
}